id,alt,src,width,height
0,ISO Republic,https://isorepublic.com/wp-content/themes/isorepublic-v4.0/assets/img/logos/iso-logo-small.svg,,
1,Summer Meadow Sunlight,https://isorepublic.com/wp-content/uploads/2023/09/iso-republic-wildflowers-field-451x300.jpg,451,300
2,Model Swimsuit Woman,https://isorepublic.com/wp-content/uploads/2023/02/iso-republic-bikini-woman-model-266x300.jpg,266,300
3,Sunflower Flowers Close,https://isorepublic.com/wp-content/uploads/2023/08/iso-republic-sunflowers-450x300.jpg,450,300
4,Couple Camping Backpacking,https://isorepublic.com/wp-content/uploads/2022/11/iso-republic-hiking-0767-450x300.jpg,450,300
5,Wood Texture Background,https://isorepublic.com/wp-content/uploads/2023/08/iso-republic-worn-old-wood-texture-451x300.jpg,451,300
6,Female Portrait Woman,https://isorepublic.com/wp-content/uploads/2023/08/iso-republic-woman-portrait-450x300.jpg,450,300
7,Young Mom Baby,https://isorepublic.com/wp-content/uploads/2023/08/iso-republic-motherhood-0268-450x300.jpg,450,300
8,Mountains Lake Landscape,https://isorepublic.com/wp-content/uploads/2023/09/iso-republic-scenic-mountain-evening-454x300.jpg,454,300
9,Laptop Keyboard Close,https://isorepublic.com/wp-content/uploads/2023/08/iso-republic-macro-dark-keyboard-199x300.jpg,199,300
10,Colorful Birds Wildlife,https://isorepublic.com/wp-content/uploads/2023/09/iso-republic-rainbow_birds-450x300.jpg,450,300
11,ISO Republic,https://isorepublic.com/wp-content/themes/isorepublic-v4.0/assets/img/logos/iso-logo-small.svg,,
12,Summer Meadow Sunlight,https://isorepublic.com/wp-content/uploads/2023/09/iso-republic-wildflowers-field-451x300.jpg,451,300
13,Model Swimsuit Woman,https://isorepublic.com/wp-content/uploads/2023/02/iso-republic-bikini-woman-model-266x300.jpg,266,300
14,Sunflower Flowers Close,https://isorepublic.com/wp-content/uploads/2023/08/iso-republic-sunflowers-450x300.jpg,450,300
15,Couple Camping Backpacking,https://isorepublic.com/wp-content/uploads/2022/11/iso-republic-hiking-0767-450x300.jpg,450,300
16,Wood Texture Background,https://isorepublic.com/wp-content/uploads/2023/08/iso-republic-worn-old-wood-texture-451x300.jpg,451,300
17,Female Portrait Woman,https://isorepublic.com/wp-content/uploads/2023/08/iso-republic-woman-portrait-450x300.jpg,450,300
18,Young Mom Baby,https://isorepublic.com/wp-content/uploads/2023/08/iso-republic-motherhood-0268-450x300.jpg,450,300
19,Mountains Lake Landscape,https://isorepublic.com/wp-content/uploads/2023/09/iso-republic-scenic-mountain-evening-454x300.jpg,454,300
20,Laptop Keyboard Close,https://isorepublic.com/wp-content/uploads/2023/08/iso-republic-macro-dark-keyboard-199x300.jpg,199,300
21,Colorful Birds Wildlife,https://isorepublic.com/wp-content/uploads/2023/09/iso-republic-rainbow_birds-450x300.jpg,450,300
